id,description,outcome
S1,literal at the call,blocked
S2,literal through a variable,blocked
S3,literal in a dict,blocked
S4,literal through a reducer,blocked
S5,random number in a plausible band,warned
S6,measurement nudged upward,silent
S7,best epoch reported as final,warned
S8,failed seed dropped from the mean,warned
S9,best of five seeds,warned
S10,training accuracy labelled as test,silent
S11,"every epoch recorded, the best one last",warned
S12,a result recorded as a setting,blocked
S13,literal through tuple unpacking,blocked
S14,literal through a function the program defines,blocked
S15,"literal in a dict, printed first",blocked
S16,literal stored into an empty dict,blocked
S17,a sweep's lambda recorded under one key,blocked
S18,literal through a record alias,blocked
S19,a result declared as a setting before the run,silent
